Manuel,Manuel1001
Antonio,Antonio1002
Bianca,Bianca1003
Isabella,Isabella1004
Eduard,Eduard1005
Andrea,Andrea1006
Brad,Brad1006
Alice,Alice1007
Rosie,Rosie1008
Roderick,Roderick1009
Anthony,Anthony1010
Josie,Josie1011
Martha,Martha1012
Leila,Leila1013
Fredrick,Fredrick1014
Christian,Christian1015
Selena,Selena1016
Allison,Allison1017
Cydney,Cydney1018
Mark,Mark1019
Darlene,Darlene1020
Kolby,Kolby1021
Vella,Vella1022
Tomas,Tomas1023
Jacklyn,Jacklyn1024
Percival,Percival1025
Garfield,Garfield1026
Lizeth,Lizeth1027
Carol,Carol1028
Emelia,Emelia1029
Delia,Delia1030
John,John1031
Carlos,Carlos1032
Beatriz,Beatriz1033